transaction_id,exporter,importer,port,country,volume,created_at,previous_hash,current_hash
TX001,PERKEBUNAN NUSANTARA V,CARGILL,DUMAI,INDIA,421.2829102,1/2/2022,0,6411d8940f59cb11649b988ffb6bf47c356eef270e80b42d03cf2679ece77648
TX002,PERKEBUNAN NUSANTARA V,CARGILL,DUMAI,NETHERLANDS,601.8070898,1/3/2022,6411d8940f59cb11649b988ffb6bf47c356eef270e80b42d03cf2679ece77648,0367dd838c34365c754cfe4c958e49bb6932f865e5d1509b6f33a8d821212553
TX004,PERKEBUNAN NUSANTARA III,CARGILL,DUMAI,INDIA,6.243670413,1/4/2022,0367dd838c34365c754cfe4c958e49bb6932f865e5d1509b6f33a8d821212553,43704c1f5b37191b1b608eb7e9fafe4cc8dc18c089dff6a3288f658c41b147c8
TX003,PERKEBUNAN NUSANTARA III,CARGILL,DUMAI,GERMANY,3.567868751,1/5/2022,43704c1f5b37191b1b608eb7e9fafe4cc8dc18c089dff6a3288f658c41b147c8,8c25a255352627b7d51b9bcfeb8ea8eceef7e66d00f79543bca15a101ce6c676
TX005,PERKEBUNAN NUSANTARA III,CARGILL,DUMAI,ITALY,14.27106916,1/6/2022,8c25a255352627b7d51b9bcfeb8ea8eceef7e66d00f79543bca15a101ce6c676,0fd574ea4bf47aca08313c17090cb7d0cbc1ad5bba772e932f7ed68e54ccddbf
TX007,PERKEBUNAN NUSANTARA III,CARGILL,DUMAI,GERMANY,5.454299545,1/7/2022,0fd574ea4bf47aca08313c17090cb7d0cbc1ad5bba772e932f7ed68e54ccddbf,950b78af6d2675f9a71c61aedb8107707e4dd725092dc2605a024eb24e053860
TX006,PERKEBUNAN NUSANTARA III,CARGILL,DUMAI,NETHERLANDS,4.013734605,1/8/2022,950b78af6d2675f9a71c61aedb8107707e4dd725092dc2605a024eb24e053860,55b5a9ada692649326857a27548486366777a5424d8c34d6ac0febb56b08f7e0
TX008,PERKEBUNAN NUSANTARA III,CARGILL,DUMAI,INDIA,9.544871483,1/10/2022,55b5a9ada692649326857a27548486366777a5424d8c34d6ac0febb56b08f7e0,34c697f5a875e86db6f866d94953c6a267abde595c98e9f06a2c219fd9fa81ae
TX009,PERKEBUNAN NUSANTARA III,CARGILL,DUMAI,ITALY,21.81657775,1/11/2022,34c697f5a875e86db6f866d94953c6a267abde595c98e9f06a2c219fd9fa81ae,2b4b8f161b1611b3c8dcea9081274d8bcef1e418dfd49c6d263eb4c8e192910c
TX010,PERKEBUNAN NUSANTARA III,CARGILL,DUMAI,NETHERLANDS,6.135906996,1/12/2022,2b4b8f161b1611b3c8dcea9081274d8bcef1e418dfd49c6d263eb4c8e192910c,d5dd6ed5400cfcad37afc32f274730b68868f7af443d3451f88151874a80b438
TX011,PERKEBUNAN NUSANTARA III,CARGILL,DUMAI,GERMANY,40.47096948,1/14/2022,d5dd6ed5400cfcad37afc32f274730b68868f7af443d3451f88151874a80b438,25c52a47b88d61a316f950425caf97397cfc8a56f28ea952b9b4a4782f96f588
TX012,PERKEBUNAN NUSANTARA III,CARGILL,DUMAI,INDIA,70.8230634,1/15/2022,25c52a47b88d61a316f950425caf97397cfc8a56f28ea952b9b4a4782f96f588,173856bf7bd174e08b5047e6d079a35d17f03491baa3d6a2c9878dbaa1cec36f
TX014,PERKEBUNAN NUSANTARA III,CARGILL,DUMAI,NETHERLANDS,45.52850512,1/17/2022,173856bf7bd174e08b5047e6d079a35d17f03491baa3d6a2c9878dbaa1cec36f,db6d7c294432f3f368be8de89ab8936634e6127233411ef13e011909879f73e8
TX013,PERKEBUNAN NUSANTARA III,CARGILL,DUMAI,ITALY,161.8792743,1/18/2022,db6d7c294432f3f368be8de89ab8936634e6127233411ef13e011909879f73e8,563db7b71db62cc866f97527b48f760863e0ef60761c776bb6ac929377b9f0e3
TX015,PERKEBUNAN NUSANTARA III,CARGILL,DUMAI,GERMANY,3.762150103,1/19/2022,563db7b71db62cc866f97527b48f760863e0ef60761c776bb6ac929377b9f0e3,14197e748ec552655a62a8accbb4a0bd5fb5676287bcd9417601d881605df59f
TX016,PERKEBUNAN NUSANTARA III,CARGILL,DUMAI,INDIA,6.58365734,1/20/2022,14197e748ec552655a62a8accbb4a0bd5fb5676287bcd9417601d881605df59f,29aeba377fad173ade7b3becf88d59b78b617c79965e0fcaf3e38cb03fcb8d75
TX018,PERKEBUNAN NUSANTARA III,CARGILL,DUMAI,NETHERLANDS,4.232294715,1/21/2022,29aeba377fad173ade7b3becf88d59b78b617c79965e0fcaf3e38cb03fcb8d75,7fdd67ee46f424275b97156bb9ad64bf93401273962fe4ec5b3b6bfa8f9ef4fb
TX017,PERKEBUNAN NUSANTARA III,CARGILL,DUMAI,ITALY,15.04817247,1/22/2022,7fdd67ee46f424275b97156bb9ad64bf93401273962fe4ec5b3b6bfa8f9ef4fb,0286b9a632a62592513ed972db323f93b9e48a1b4ce21aae996ea9ead3f4630b
TX019,PERKEBUNAN NUSANTARA V,CARGILL,DUMAI,INDIA,748.5062561,1/23/2022,0286b9a632a62592513ed972db323f93b9e48a1b4ce21aae996ea9ead3f4630b,3e7eafbdf795ad0eda6395d98dfaffb8b793ca9323856b418d1ad77e8eed09b9
TX020,PERKEBUNAN NUSANTARA V,CARGILL,DUMAI,NETHERLANDS,1069.249098,1/25/2022,3e7eafbdf795ad0eda6395d98dfaffb8b793ca9323856b418d1ad77e8eed09b9,180a1a6ad2612f0647543e0dadc44f3b987a7d39437e99b3036cc67b228986ac
TX021,PERKEBUNAN NUSANTARA V,CARGILL,DUMAI,INDIA,274.3334955,1/26/2022,180a1a6ad2612f0647543e0dadc44f3b987a7d39437e99b3036cc67b228986ac,7b73cf69e4e918383e363cbeb95780c865e7e5fcf351ee5a5a2b215ab060697d
TX022,PERKEBUNAN NUSANTARA V,CARGILL,DUMAI,NETHERLANDS,391.8882977,1/27/2022,7b73cf69e4e918383e363cbeb95780c865e7e5fcf351ee5a5a2b215ab060697d,9ea064be3946cd208f7e314be161182cae92147a6ab2a8b1993b240fe3230d24
TX023,PERKEBUNAN NUSANTARA V,CARGILL,DUMAI,INDIA,480.3237886,1/28/2022,9ea064be3946cd208f7e314be161182cae92147a6ab2a8b1993b240fe3230d24,44098062d96e2bc4dac2fbb812ab2d3f0a40577d0281aa67bc2e1a2398289aee
TX024,PERKEBUNAN NUSANTARA V,CARGILL,DUMAI,NETHERLANDS,686.1476085,1/29/2022,44098062d96e2bc4dac2fbb812ab2d3f0a40577d0281aa67bc2e1a2398289aee,214d9f98a1f81ada317275f88b0c1df62dde4c6c25ba2d491d0ed0f89d83ad2c
TX025,PERKEBUNAN NUSANTARA V,CARGILL,DUMAI,INDIA,88.41052876,1/30/2022,214d9f98a1f81ada317275f88b0c1df62dde4c6c25ba2d491d0ed0f89d83ad2c,aac44ffa1a6d2c8b74978ff50cc60e2095b0e7349987a3a0b124564cec359259
TX026,PERKEBUNAN NUSANTARA V,CARGILL,DUMAI,NETHERLANDS,126.2953747,2/1/2022,aac44ffa1a6d2c8b74978ff50cc60e2095b0e7349987a3a0b124564cec359259,ace80e5de4f36b8ffec8a034340846b5b89e4bc20200a46e87835124d306c5ac
TX027,PERKEBUNAN NUSANTARA V,CARGILL,DUMAI,INDIA,351.8735704,2/2/2022,ace80e5de4f36b8ffec8a034340846b5b89e4bc20200a46e87835124d306c5ac,bc7e469f835fa26bd1daf70bc9439af3907c823047c3c1d3a879a8f3cf5127dd
TX028,PERKEBUNAN NUSANTARA V,CARGILL,DUMAI,NETHERLANDS,502.6551142,2/3/2022,bc7e469f835fa26bd1daf70bc9439af3907c823047c3c1d3a879a8f3cf5127dd,825a387ae8624ca4f3671af7ef9d4824b7eb8db78b2ef17638d6adc1a70e8a56
TX029,PERKEBUNAN NUSANTARA V,CARGILL,DUMAI,INDIA,125.9493666,2/4/2022,825a387ae8624ca4f3671af7ef9d4824b7eb8db78b2ef17638d6adc1a70e8a56,17c4ae071b4c5f3504888b91270c99b5d1724558bd28087417c94bb0c78f053a
TX030,PERKEBUNAN NUSANTARA V,CARGILL,DUMAI,NETHERLANDS,179.9200013,2/5/2022,17c4ae071b4c5f3504888b91270c99b5d1724558bd28087417c94bb0c78f053a,71d600bd34708de2c24feeddd2daaf3169f8ddf70ad2b15c2855eb99400b8a8c
TX031,PERKEBUNAN NUSANTARA V,CARGILL,DUMAI,INDIA,94.53413547,2/6/2022,71d600bd34708de2c24feeddd2daaf3169f8ddf70ad2b15c2855eb99400b8a8c,cf6dbd38150b3ae17053d6a65eaf0c22f28b233719b42a79c74e85978f66d81b
TX032,PERKEBUNAN NUSANTARA V,CARGILL,DUMAI,NETHERLANDS,135.0430116,2/7/2022,cf6dbd38150b3ae17053d6a65eaf0c22f28b233719b42a79c74e85978f66d81b,fbd0e0b8b2533ab2dcd10e997d048b777bc1897ee8fa5c5020823a5c67e180b3
TX033,PERKEBUNAN NUSANTARA V,CARGILL,DUMAI,INDIA,166.1813364,2/8/2022,fbd0e0b8b2533ab2dcd10e997d048b777bc1897ee8fa5c5020823a5c67e180b3,1982006d9afc45c4f271f9cfcd32c1fb30dc63517eb6b64fd0eac9f1b7bb1d41
TX034,PERKEBUNAN NUSANTARA V,CARGILL,DUMAI,NETHERLANDS,237.3917954,2/9/2022,1982006d9afc45c4f271f9cfcd32c1fb30dc63517eb6b64fd0eac9f1b7bb1d41,fa6ce976ad3626084dd8128a2f061fccff23df4aa41569f20298735e84705696
TX035,PERKEBUNAN NUSANTARA V,CARGILL,DUMAI,INDIA,105.8644828,2/10/2022,fa6ce976ad3626084dd8128a2f061fccff23df4aa41569f20298735e84705696,b6de67ba26a73cebc6212ff99385e99dae7dda04718ef73bffc12f29d11e139a
TX036,PERKEBUNAN NUSANTARA V,CARGILL,DUMAI,NETHERLANDS,151.2285325,2/11/2022,b6de67ba26a73cebc6212ff99385e99dae7dda04718ef73bffc12f29d11e139a,4df8efbdce9b8587d134b2e02c4dc000629dee6bddb05db6913c1ba6a87db483
TX037,PERKEBUNAN NUSANTARA V,CARGILL,DUMAI,INDIA,282.7976163,2/12/2022,4df8efbdce9b8587d134b2e02c4dc000629dee6bddb05db6913c1ba6a87db483,83d9e492858809cfa7b70d02ec77de5ca87fe82588fc00a05fd32672fc672ac2
TX038,PERKEBUNAN NUSANTARA V,CARGILL,DUMAI,NETHERLANDS,403.9793837,2/13/2022,83d9e492858809cfa7b70d02ec77de5ca87fe82588fc00a05fd32672fc672ac2,31c56c73dfd092b7cee514ab50c05253da3b8c79f89fcf8eb199091651529d9b
TX039,PERKEBUNAN NUSANTARA V,CARGILL,DUMAI,INDIA,283.5501237,2/14/2022,31c56c73dfd092b7cee514ab50c05253da3b8c79f89fcf8eb199091651529d9b,7ead1ed6b07e23a11b15164387a7cfeebe81fd382ee2f515094c85dea4421527
TX040,PERKEBUNAN NUSANTARA V,CARGILL,DUMAI,NETHERLANDS,405.0543485,2/15/2022,7ead1ed6b07e23a11b15164387a7cfeebe81fd382ee2f515094c85dea4421527,3cbd8d79ad00588f734f18070b1500dae7c636e1ed3609377f8a357f721d3526
TX042,PERKEBUNAN NUSANTARA V,CARGILL,DUMAI,NETHERLANDS,155.2223223,2/18/2022,3cbd8d79ad00588f734f18070b1500dae7c636e1ed3609377f8a357f721d3526,028ffbb7318ab0686267c0a388a03bb1049f77ee3a13f93d3b879ac1d505506a
TX044,PERKEBUNAN NUSANTARA III,CARGILL,DUMAI,INDIA,344.5582068,2/19/2022,028ffbb7318ab0686267c0a388a03bb1049f77ee3a13f93d3b879ac1d505506a,57716c2395d3832c24ff3fb6b0acda1726dd04517225a4f354f38ed0cdefb338
TX041,PERKEBUNAN NUSANTARA V,CARGILL,DUMAI,INDIA,108.6602547,2/20/2022,57716c2395d3832c24ff3fb6b0acda1726dd04517225a4f354f38ed0cdefb338,e8674628331671dcd76c410aa08c6cb58e26c03ac9bee3899d6237246e76abea
TX046,PERKEBUNAN NUSANTARA III,CARGILL,DUMAI,NETHERLANDS,980.6652453,2/21/2022,e8674628331671dcd76c410aa08c6cb58e26c03ac9bee3899d6237246e76abea,6e619e772f722a55742989b473c3e8e91bc4aa453308ae91f43d010bf99406af
TX043,PERKEBUNAN NUSANTARA III,CARGILL,DUMAI,GERMANY,241.2010204,2/22/2022,6e619e772f722a55742989b473c3e8e91bc4aa453308ae91f43d010bf99406af,b73061788aef401a00f4893fe8835b7d10c250541e295ebf6ed04853223113f0
TX049,PERKEBUNAN NUSANTARA III,CARGILL,DUMAI,ITALY,372.9614636,2/23/2022,b73061788aef401a00f4893fe8835b7d10c250541e295ebf6ed04853223113f0,76a24726604b6985cbee86a9722b629fe06eedfb0c5a906c58f3307e564f53a2
TX048,PERKEBUNAN NUSANTARA III,CARGILL,DUMAI,INDIA,549.2764292,2/24/2022,76a24726604b6985cbee86a9722b629fe06eedfb0c5a906c58f3307e564f53a2,598cc77cff72681ae4dd6aea708fa084f01e403c4be658a21ce9c3f8c9ae360a
TX045,PERKEBUNAN NUSANTARA III,CARGILL,DUMAI,ITALY,686.4949176,2/25/2022,598cc77cff72681ae4dd6aea708fa084f01e403c4be658a21ce9c3f8c9ae360a,fe6a4b346601e22256e9f341f93fcf07cc406414aa08678a201f6d54a97b253a
TX047,PERKEBUNAN NUSANTARA III,CARGILL,DUMAI,GERMANY,384.5098812,2/26/2022,fe6a4b346601e22256e9f341f93fcf07cc406414aa08678a201f6d54a97b253a,eb7c585e71908a209ef2f7042f8f8118caa67acb199f4db2f1a7657357414e8d
TX050,PERKEBUNAN NUSANTARA III,CARGILL,DUMAI,NETHERLANDS,532.7793926,2/27/2022,eb7c585e71908a209ef2f7042f8f8118caa67acb199f4db2f1a7657357414e8d,91a5f6886a3f8b5c3c6cab45f93fba83ce5b47a84aec778de8e8a715983baed5
TX052,PERKEBUNAN NUSANTARA III,CARGILL,DUMAI,INDIA,900.1272095,3/1/2022,91a5f6886a3f8b5c3c6cab45f93fba83ce5b47a84aec778de8e8a715983baed5,d5a5ad0ba1d0325cdf69c7f639710d7418b8c3881357a822d6d17c1b59395400
TX051,PERKEBUNAN NUSANTARA III,CARGILL,DUMAI,GERMANY,630.1158907,3/2/2022,d5a5ad0ba1d0325cdf69c7f639710d7418b8c3881357a822d6d17c1b59395400,90942093a3d940a5f132949ff21ba8558213899e2bffa90b79d4592ee295871d
TX054,PERKEBUNAN NUSANTARA III,CARGILL,DUMAI,NETHERLANDS,1085.639014,3/3/2022,90942093a3d940a5f132949ff21ba8558213899e2bffa90b79d4592ee295871d,c319c29696fc1429846eb39291456f0912c32394d9f8804f114594f1e07ad737
TX053,PERKEBUNAN NUSANTARA III,CARGILL,DUMAI,ITALY,759.9796866,3/4/2022,c319c29696fc1429846eb39291456f0912c32394d9f8804f114594f1e07ad737,b6e841f6b5d4fca9a8dc1077ec024410c5230b08dd787af800bce0c91a66136f
TX056,PERKEBUNAN NUSANTARA III,CARGILL,DUMAI,INDIA,530.1741943,3/5/2022,b6e841f6b5d4fca9a8dc1077ec024410c5230b08dd787af800bce0c91a66136f,0641d5776fb08c656cd56c76ccfa90548ddd6a9e8583b9888a0f11362b7afffc
TX055,PERKEBUNAN NUSANTARA III,CARGILL,DUMAI,GERMANY,371.1377471,3/6/2022,0641d5776fb08c656cd56c76ccfa90548ddd6a9e8583b9888a0f11362b7afffc,051faacea1f6e8b3e0f871b7695637c9537d37d4605e8632f14480c09996d637
TX058,PERKEBUNAN NUSANTARA III,CARGILL,DUMAI,NETHERLANDS,7.988735178,3/7/2022,051faacea1f6e8b3e0f871b7695637c9537d37d4605e8632f14480c09996d637,530f164eac9909a4604cf4ca5323a2755741fbeba4cd819e760207e5f8a5397a
TX057,PERKEBUNAN NUSANTARA III,CARGILL,DUMAI,ITALY,5.592352869,3/8/2022,530f164eac9909a4604cf4ca5323a2755741fbeba4cd819e760207e5f8a5397a,76cd00d4dfdf5dcfaf63d67aa5344e3a547fa35bf008680233074c1001fb05a4
TX060,PERKEBUNAN NUSANTARA V,CARGILL,DUMAI,NETHERLANDS,12.56060631,3/9/2022,76cd00d4dfdf5dcfaf63d67aa5344e3a547fa35bf008680233074c1001fb05a4,3de81f7fe73efd0698efba41079b7f2caf8abe58004a05dd246e6445dcfbd682
TX059,PERKEBUNAN NUSANTARA V,CARGILL,DUMAI,INDIA,8.792799008,3/10/2022,3de81f7fe73efd0698efba41079b7f2caf8abe58004a05dd246e6445dcfbd682,f204a9fe40ee012c0f46d3f5e1cfefdda21fc884e0f2cf3c1d02d7bbec2e1012
TX061,PERKEBUNAN NUSANTARA V,CARGILL,DUMAI,INDIA,6.648455078,4/2/2022,f204a9fe40ee012c0f46d3f5e1cfefdda21fc884e0f2cf3c1d02d7bbec2e1012,f85d3526f1cae72bd0528bec98e75fce0d57c3e16adbf63d00c53e3dc37fa440
TX063,PERKEBUNAN NUSANTARA V,CARGILL,DUMAI,INDIA,0.828190957,4/3/2022,f85d3526f1cae72bd0528bec98e75fce0d57c3e16adbf63d00c53e3dc37fa440,e134fcd49fd49ac276528b07cb7b900fb20b208f2c45344bff7144adb7462a91
TX062,PERKEBUNAN NUSANTARA V,CARGILL,DUMAI,NETHERLANDS,9.497388345,4/5/2022,e134fcd49fd49ac276528b07cb7b900fb20b208f2c45344bff7144adb7462a91,69ebc3281e22f216e050d687394c7566b3c6c6d612df3eb7e3023d9e0a2a4d29
TX065,PERKEBUNAN NUSANTARA V,CARGILL,DUMAI,INDIA,3.312669622,4/7/2022,69ebc3281e22f216e050d687394c7566b3c6c6d612df3eb7e3023d9e0a2a4d29,ad60b48c71c57d65bddc36f03ff95efc618597cbb25071bea53f9cda3dcf2138
TX064,PERKEBUNAN NUSANTARA V,CARGILL,DUMAI,NETHERLANDS,1.449310986,4/8/2022,ad60b48c71c57d65bddc36f03ff95efc618597cbb25071bea53f9cda3dcf2138,698956ab4b01483b946fbc1674cbbbb0f1becbe018591cb7c894514117e8706a
TX066,PERKEBUNAN NUSANTARA V,CARGILL,DUMAI,NETHERLANDS,0.931687497,4/10/2022,698956ab4b01483b946fbc1674cbbbb0f1becbe018591cb7c894514117e8706a,fe2ffa017e0a5a446229083605bb3e63c6b4f583fa1afd2ca5363761d13a1fda
TX067,PERKEBUNAN NUSANTARA V,CARGILL,DUMAI,INDIA,337.8668844,4/12/2022,fe2ffa017e0a5a446229083605bb3e63c6b4f583fa1afd2ca5363761d13a1fda,152fb9f4b6908af3028510a46319a09da2039c8fadb61dce9ede2340903e02ad
TX069,PERKEBUNAN NUSANTARA V,CARGILL,DUMAI,INDIA,1351.429105,4/13/2022,152fb9f4b6908af3028510a46319a09da2039c8fadb61dce9ede2340903e02ad,2ff1b6bf2df4ca70dc024c1f6e50cd1411e3c5532b875ad281f01d8e33a129c4
TX068,PERKEBUNAN NUSANTARA V,CARGILL,DUMAI,NETHERLANDS,591.2575875,4/14/2022,2ff1b6bf2df4ca70dc024c1f6e50cd1411e3c5532b875ad281f01d8e33a129c4,824e413ceb2d019e20a78b6c3cbe22b90f00444a176030e0b7fceabeb2d41c26
TX070,PERKEBUNAN NUSANTARA V,CARGILL,DUMAI,NETHERLANDS,380.0890954,4/16/2022,824e413ceb2d019e20a78b6c3cbe22b90f00444a176030e0b7fceabeb2d41c26,cb1e865d9881a8a901f1b0d13fb14fac1a1509a31a1c931c90e74a66352882aa
TX071,PERKEBUNAN NUSANTARA V,CARGILL,DUMAI,INDIA,0.125892684,5/1/2022,cb1e865d9881a8a901f1b0d13fb14fac1a1509a31a1c931c90e74a66352882aa,de73b3a1c05b1e925d5fa67d9310d169c269dc45f5ac47ca673a6ae9638a1c11
TX072,PERKEBUNAN NUSANTARA V,CARGILL,DUMAI,NETHERLANDS,0.220308673,5/2/2022,de73b3a1c05b1e925d5fa67d9310d169c269dc45f5ac47ca673a6ae9638a1c11,002dd8f5ca75dc2f0ecfd4599cb758197cbfb3d6792c3dd845a942344f5749a6
TX073,PERKEBUNAN NUSANTARA V,CARGILL,DUMAI,INDIA,0.503556417,5/4/2022,002dd8f5ca75dc2f0ecfd4599cb758197cbfb3d6792c3dd845a942344f5749a6,12dd5936199c301b1482a499ccc2903533f6be3d0938f2e0f167bf11accc6f7e
TX075,PERKEBUNAN NUSANTARA V,CARGILL,DUMAI,INDIA,45.4797357,5/5/2022,12dd5936199c301b1482a499ccc2903533f6be3d0938f2e0f167bf11accc6f7e,466149c54fbab094e24e207bc792fc7207e9e0c1e2c56e384eda95b177843571
TX074,PERKEBUNAN NUSANTARA V,CARGILL,DUMAI,NETHERLANDS,0.141625116,5/6/2022,466149c54fbab094e24e207bc792fc7207e9e0c1e2c56e384eda95b177843571,7a481be0875e79b0c394201a2e90f221a4329a175c1aa1cec015432291c6a204
TX076,PERKEBUNAN NUSANTARA V,CARGILL,DUMAI,NETHERLANDS,354.4945766,5/7/2022,7a481be0875e79b0c394201a2e90f221a4329a175c1aa1cec015432291c6a204,5dda708e4feb3afba19f2ce28346ca8e1516a98b9e79e28597e150210990bfe5
TX077,PERKEBUNAN NUSANTARA V,CARGILL,DUMAI,INDIA,27.34828457,5/10/2022,5dda708e4feb3afba19f2ce28346ca8e1516a98b9e79e28597e150210990bfe5,d63f4c5d7826edd9d5ee24545af234682bb5c71c5672669a6f1198f7f8af42c9
TX079,PERKEBUNAN NUSANTARA V,CARGILL,DUMAI,INDIA,23.6086074,5/11/2022,d63f4c5d7826edd9d5ee24545af234682bb5c71c5672669a6f1198f7f8af42c9,8d4f4e007035856da72ca5a7d6958f7931ceca0593ea2da2ac81305ffabddfc1
TX078,PERKEBUNAN NUSANTARA V,CARGILL,DUMAI,NETHERLANDS,213.1678738,5/12/2022,8d4f4e007035856da72ca5a7d6958f7931ceca0593ea2da2ac81305ffabddfc1,e1c967137a7bc1123e6a33205f80ff467a9b328c8522973dc574f51900c8d62f
TX080,PERKEBUNAN NUSANTARA V,CARGILL,DUMAI,NETHERLANDS,184.0187318,5/14/2022,e1c967137a7bc1123e6a33205f80ff467a9b328c8522973dc574f51900c8d62f,e9c0f991c362e6ff2aba366e9b403a0761b8caeb5320ba489be3914f2f5643d7
TX081,PERKEBUNAN NUSANTARA V,CARGILL,DUMAI,INDIA,48.69441435,6/2/2022,e9c0f991c362e6ff2aba366e9b403a0761b8caeb5320ba489be3914f2f5643d7,71069c64668c43fc03dcd7d5edcd931ba21a22feff013cdd8364d139bfc28412
TX082,PERKEBUNAN NUSANTARA V,CARGILL,DUMAI,NETHERLANDS,379.5515857,6/3/2022,71069c64668c43fc03dcd7d5edcd931ba21a22feff013cdd8364d139bfc28412,b4c78bbfe3948c03365533909369bdfbe4740edb797704fb03abd91019d2885e
TX083,PERKEBUNAN NUSANTARA V,CARGILL,DUMAI,INDIA,44.6232161,6/5/2022,b4c78bbfe3948c03365533909369bdfbe4740edb797704fb03abd91019d2885e,5008f4d0cf2f8db8db06eefadd77f25627c9233901d5085d66a69e426c53aacf
TX085,PERKEBUNAN NUSANTARA V,CARGILL,DUMAI,INDIA,0.626146425,6/6/2022,5008f4d0cf2f8db8db06eefadd77f25627c9233901d5085d66a69e426c53aacf,3a24a895747bdb92c1c499a041c18d4c003c000efd89bb05966bbdf6588b2450
TX084,PERKEBUNAN NUSANTARA V,CARGILL,DUMAI,NETHERLANDS,347.8183824,6/7/2022,3a24a895747bdb92c1c499a041c18d4c003c000efd89bb05966bbdf6588b2450,6daf494d1b9b61fbcf0aafd22f21d6d780e99c10d163b6476f853e56eb1a0113
TX086,PERKEBUNAN NUSANTARA V,CARGILL,DUMAI,NETHERLANDS,4.880536541,6/9/2022,6daf494d1b9b61fbcf0aafd22f21d6d780e99c10d163b6476f853e56eb1a0113,63bd6bfc5cda046a4eaa1b2401ebfe179e4711f63a566d4948abc684bdb00caf
TX087,PERKEBUNAN NUSANTARA V,CARGILL,DUMAI,INDIA,14.13226106,6/11/2022,63bd6bfc5cda046a4eaa1b2401ebfe179e4711f63a566d4948abc684bdb00caf,3ee8716bdec8753facd3acc98d081ab5545a54710cc0814cfc7c23350beb1245
TX089,PERKEBUNAN NUSANTARA V,CARGILL,DUMAI,INDIA,5.24223236,6/12/2022,3ee8716bdec8753facd3acc98d081ab5545a54710cc0814cfc7c23350beb1245,40db56b27607f0d69b24e6546b6b9af651540449f02d6b65c333a2493614f073
TX088,PERKEBUNAN NUSANTARA V,CARGILL,DUMAI,NETHERLANDS,110.1547716,6/13/2022,40db56b27607f0d69b24e6546b6b9af651540449f02d6b65c333a2493614f073,8649c826b790731e2483256b00fc4b6209b42c1bff9957ee2b6c79046344376c
TX090,PERKEBUNAN NUSANTARA V,CARGILL,DUMAI,NETHERLANDS,40.86090019,6/15/2022,8649c826b790731e2483256b00fc4b6209b42c1bff9957ee2b6c79046344376c,9da32b9459b4ece5b6fdc14e42e86f6fb9b34d50c4ff31f82467e67170cabb62
TX091,PERKEBUNAN NUSANTARA V,CARGILL,DUMAI,INDIA,72.25360813,7/2/2022,9da32b9459b4ece5b6fdc14e42e86f6fb9b34d50c4ff31f82467e67170cabb62,e593b4c0aa4884f8d0fc112bb07ef15380abb15fc52eeb40f9908506c9cfebc6
TX092,PERKEBUNAN NUSANTARA V,CARGILL,DUMAI,NETHERLANDS,563.18516,7/3/2022,e593b4c0aa4884f8d0fc112bb07ef15380abb15fc52eeb40f9908506c9cfebc6,2a2efe6a98a5d3f6070185634e652eb86385b9cdeda0196d94ea4b02f21b72f5
TX093,PERKEBUNAN NUSANTARA III,CARGILL,DUMAI,GERMANY,0.116894381,7/4/2022,2a2efe6a98a5d3f6070185634e652eb86385b9cdeda0196d94ea4b02f21b72f5,35b8fb7773b6dfb795715006a39042bb0316f9aa5d4365ae6afa1dd75943668d
TX094,PERKEBUNAN NUSANTARA III,CARGILL,DUMAI,INDIA,0.91114039,7/5/2022,35b8fb7773b6dfb795715006a39042bb0316f9aa5d4365ae6afa1dd75943668d,711eb9913b9eb0bb2c58bf190098e1b516078dfcbbbc2835e829fdbd0711ec59
TX095,PERKEBUNAN NUSANTARA III,CARGILL,DUMAI,ITALY,0.262602632,7/6/2022,711eb9913b9eb0bb2c58bf190098e1b516078dfcbbbc2835e829fdbd0711ec59,e2599945474331ec22d161d8be4118a42d30e91f9bfaefb072d4fae34c6fbe1f
TX096,PERKEBUNAN NUSANTARA III,CARGILL,DUMAI,NETHERLANDS,2.046872248,7/8/2022,e2599945474331ec22d161d8be4118a42d30e91f9bfaefb072d4fae34c6fbe1f,329067970542e91891be518573900c9b16482ace2984402cdfe4ea8ba76db7e5
TX097,PERKEBUNAN NUSANTARA III,CARGILL,DUMAI,GERMANY,335.3039028,7/9/2022,329067970542e91891be518573900c9b16482ace2984402cdfe4ea8ba76db7e5,e4aacf81780a03843e6afa154fa603e77becde9d55523d610d0f9387341cdd21
TX098,PERKEBUNAN NUSANTARA III,CARGILL,DUMAI,INDIA,586.7724413,7/10/2022,e4aacf81780a03843e6afa154fa603e77becde9d55523d610d0f9387341cdd21,c856078ba0f5cf1752412488f76ccefc7f8dd2af064e82d99fd966fcc6342f5b
TX099,PERKEBUNAN NUSANTARA III,CARGILL,DUMAI,ITALY,1341.17747,7/11/2022,c856078ba0f5cf1752412488f76ccefc7f8dd2af064e82d99fd966fcc6342f5b,6face858d37d82d9aec722097b93f141efd6bf0d9756e6065fe226c492ead29e
TX100,PERKEBUNAN NUSANTARA III,CARGILL,DUMAI,NETHERLANDS,377.2058256,7/12/2022,6face858d37d82d9aec722097b93f141efd6bf0d9756e6065fe226c492ead29e,c539561e6e1ad2977151feecf22cb9ab0b182463dca11047debf2b4c2f8a8d96
TX101,PERKEBUNAN NUSANTARA V,CARGILL,DUMAI,INDIA,78.00116982,7/15/2022,c539561e6e1ad2977151feecf22cb9ab0b182463dca11047debf2b4c2f8a8d96,572ab8d8f28776c702e72e903e779867de0ab2d4f790a1643d20dc0310b680bb
TX102,PERKEBUNAN NUSANTARA V,CARGILL,DUMAI,NETHERLANDS,136.4998632,7/16/2022,572ab8d8f28776c702e72e903e779867de0ab2d4f790a1643d20dc0310b680bb,53505cddfc79b1169592302cac18c359a4a36808608ac43371e4a89b53142d51
TX104,PERKEBUNAN NUSANTARA V,CARGILL,DUMAI,NETHERLANDS,87.74874201,7/17/2022,53505cddfc79b1169592302cac18c359a4a36808608ac43371e4a89b53142d51,9ed2b602687a430148c504344f38d7081c29b314427b81514ad09b7ad6c66b09
TX103,PERKEBUNAN NUSANTARA V,CARGILL,DUMAI,INDIA,311.9958066,7/18/2022,9ed2b602687a430148c504344f38d7081c29b314427b81514ad09b7ad6c66b09,4e6a7a0530d5cb9263b2a0e333a05d0f4aaaabf37d5edd984bcbfd2c726b153c
TX105,PERKEBUNAN NUSANTARA V,CARGILL,DUMAI,INDIA,49.8522696,7/19/2022,4e6a7a0530d5cb9263b2a0e333a05d0f4aaaabf37d5edd984bcbfd2c726b153c,ddf3e97fe7451549f7a1385e2972679449d225195a545d99c0acf7a9b0b38132
TX106,PERKEBUNAN NUSANTARA V,CARGILL,DUMAI,NETHERLANDS,388.5765591,7/20/2022,ddf3e97fe7451549f7a1385e2972679449d225195a545d99c0acf7a9b0b38132,4bc1ddb3f7614b603ceb3ac614f2bc7e54824fe904a4cb81e90bd82ca9d407c5
TX109,PERKEBUNAN NUSANTARA V,CARGILL,DUMAI,INDIA,52.51324099,7/21/2022,4bc1ddb3f7614b603ceb3ac614f2bc7e54824fe904a4cb81e90bd82ca9d407c5,e32f4972f8706186e8ce3c5cbad1e388448d0bebc8e48c0a47149e27087a3375
TX107,PERKEBUNAN NUSANTARA V,CARGILL,DUMAI,INDIA,7.380715481,7/22/2022,e32f4972f8706186e8ce3c5cbad1e388448d0bebc8e48c0a47149e27087a3375,282a8fc7944714be695ca48a823ed3fab851e77ec598dd5961000a39c5511a43
TX108,PERKEBUNAN NUSANTARA V,CARGILL,DUMAI,NETHERLANDS,57.52943744,7/23/2022,282a8fc7944714be695ca48a823ed3fab851e77ec598dd5961000a39c5511a43,44d8e66afada9bbc57205b2c242a8087b82a0de286d7f3952f3e42d312c5831c
TX110,PERKEBUNAN NUSANTARA V,CARGILL,DUMAI,NETHERLANDS,409.3176631,7/24/2022,44d8e66afada9bbc57205b2c242a8087b82a0de286d7f3952f3e42d312c5831c,0f0ae4d4df89cfada6b8412ae9719ef040a4e5da890f80e2fd348620fbef71e1
TX111,PERKEBUNAN NUSANTARA V,CARGILL,DUMAI,INDIA,4.868460819,8/1/2022,0f0ae4d4df89cfada6b8412ae9719ef040a4e5da890f80e2fd348620fbef71e1,4a4161120e2962fcd0386e1058628319e6ea5438185fea5f25a176d3fbec61cb
TX112,PERKEBUNAN NUSANTARA V,CARGILL,DUMAI,NETHERLANDS,8.519670116,8/2/2022,4a4161120e2962fcd0386e1058628319e6ea5438185fea5f25a176d3fbec61cb,0cf92e458a10251b06029d611334ccc2cd5270c4e8686ac7d3bda1a6d7f35923
TX115,PERKEBUNAN NUSANTARA V,CARGILL,DUMAI,INDIA,0.277300457,8/3/2022,0cf92e458a10251b06029d611334ccc2cd5270c4e8686ac7d3bda1a6d7f35923,4818edb8f37efb9cc68555c3421c953bdab3697faeeda66fe560e5523f7ae473
TX113,PERKEBUNAN NUSANTARA V,CARGILL,DUMAI,INDIA,19.47328949,8/4/2022,4818edb8f37efb9cc68555c3421c953bdab3697faeeda66fe560e5523f7ae473,0739765c0d2a3fed2bd86c8335911903836b4b6e869e2b1869a2c36faf7e58cb
TX114,PERKEBUNAN NUSANTARA V,CARGILL,DUMAI,NETHERLANDS,5.476857762,8/5/2022,0739765c0d2a3fed2bd86c8335911903836b4b6e869e2b1869a2c36faf7e58cb,0cb51d6206bd8d764f0711f85729721e722cfb24d1296f64fe7c225092e874e6
TX116,PERKEBUNAN NUSANTARA V,CARGILL,DUMAI,NETHERLANDS,2.161435346,8/6/2022,0cb51d6206bd8d764f0711f85729721e722cfb24d1296f64fe7c225092e874e6,523f225a9ba015eb0ce3253556ee4ec282159b48754094901d17febc35e7cfcd
TX119,PERKEBUNAN NUSANTARA V,CARGILL,DUMAI,INDIA,0.313478912,8/7/2022,523f225a9ba015eb0ce3253556ee4ec282159b48754094901d17febc35e7cfcd,0e94d091e1486d3a60f50c56bede0e973de02232b8fbff925a754b781c8a54c3
TX117,PERKEBUNAN NUSANTARA V,CARGILL,DUMAI,INDIA,0.173152524,8/8/2022,0e94d091e1486d3a60f50c56bede0e973de02232b8fbff925a754b781c8a54c3,1773b97303349ac047202c3006f68280f49d922f7892e47f04b2c052f75cbbc6
TX118,PERKEBUNAN NUSANTARA V,CARGILL,DUMAI,NETHERLANDS,1.349647918,8/9/2022,1773b97303349ac047202c3006f68280f49d922f7892e47f04b2c052f75cbbc6,2c1a81bd89a377d79297aabb974c3dca5e2fac5d47554e36d711ac998a6756cc
TX120,PERKEBUNAN NUSANTARA V,CARGILL,DUMAI,NETHERLANDS,2.443430522,8/10/2022,2c1a81bd89a377d79297aabb974c3dca5e2fac5d47554e36d711ac998a6756cc,6803fd2f33f68552ffa2bbd0207594ebade9651db50d73ba3fc4f634724c98c7
TX121,PERKEBUNAN NUSANTARA V,CARGILL,DUMAI,INDIA,0.0000667,9/1/2022,6803fd2f33f68552ffa2bbd0207594ebade9651db50d73ba3fc4f634724c98c7,73d877b4e6d6630d9a18bdf314339d9d7569001e4100715cc1ac4f9c68c5938a
TX122,PERKEBUNAN NUSANTARA V,CARGILL,DUMAI,NETHERLANDS,0.000519711,9/2/2022,73d877b4e6d6630d9a18bdf314339d9d7569001e4100715cc1ac4f9c68c5938a,02030eab829dc61e4859a96fa7d8858c01c7dc967ad3101677571867a512ec5a
TX123,PERKEBUNAN NUSANTARA V,CARGILL,DUMAI,INDIA,23.01026623,9/4/2022,02030eab829dc61e4859a96fa7d8858c01c7dc967ad3101677571867a512ec5a,8ee87b2c6d9c35ab30e4f6ec02b9f6683f34304e372537cc1ef5d7d6c0a1eee3
TX124,PERKEBUNAN NUSANTARA V,CARGILL,DUMAI,NETHERLANDS,40.26732161,9/5/2022,8ee87b2c6d9c35ab30e4f6ec02b9f6683f34304e372537cc1ef5d7d6c0a1eee3,4c61ce54def1d4384c80faaae4a9eb80f2762fb8d9fa6c79a5ab2e8ea6aa5596
TX125,PERKEBUNAN NUSANTARA V,CARGILL,DUMAI,INDIA,92.0384475,9/6/2022,4c61ce54def1d4384c80faaae4a9eb80f2762fb8d9fa6c79a5ab2e8ea6aa5596,5aa1b29518901e67db32889ca780ca6860e826334b9d2a50ef64408798cdbac3
TX126,PERKEBUNAN NUSANTARA V,CARGILL,DUMAI,NETHERLANDS,25.88579017,9/7/2022,5aa1b29518901e67db32889ca780ca6860e826334b9d2a50ef64408798cdbac3,c56ea9712b2ad03f8fef8490166afbbe2c0e5dad9f3a10fd99e6f30c22cf9550
TX129,PERKEBUNAN NUSANTARA V,CARGILL,DUMAI,INDIA,440.5287099,9/8/2022,c56ea9712b2ad03f8fef8490166afbbe2c0e5dad9f3a10fd99e6f30c22cf9550,b149041837fb6d1313b7c582330ef66e7df9e86a701c5605c6f38aab8376a7de
TX127,PERKEBUNAN NUSANTARA V,CARGILL,DUMAI,INDIA,110.1353094,9/9/2022,b149041837fb6d1313b7c582330ef66e7df9e86a701c5605c6f38aab8376a7de,7f5fcfd081e077bf4930e7ecdb2c33714568acb34922e98b032a7586fae9568d
TX128,PERKEBUNAN NUSANTARA V,CARGILL,DUMAI,NETHERLANDS,192.7337077,9/10/2022,7f5fcfd081e077bf4930e7ecdb2c33714568acb34922e98b032a7586fae9568d,1279acd4b74ceeb239e126f9960759bc43fb5f154c852d559bd23a045a39f51c
TX130,PERKEBUNAN NUSANTARA V,CARGILL,DUMAI,NETHERLANDS,123.8985887,9/11/2022,1279acd4b74ceeb239e126f9960759bc43fb5f154c852d559bd23a045a39f51c,fa4eb22127b507e9efed876139d346f20fb4efa025eaadc0ca8d17cdae617b2a
TX131,PERKEBUNAN NUSANTARA V,CARGILL,DUMAI,INDIA,283.3751625,10/2/2022,fa4eb22127b507e9efed876139d346f20fb4efa025eaadc0ca8d17cdae617b2a,ca24fe1302ff88c57691deeddfe4e71a1576d6fc4ac44db65d41fb9055a5086b
TX132,PERKEBUNAN NUSANTARA V,CARGILL,DUMAI,NETHERLANDS,495.8985998,10/3/2022,ca24fe1302ff88c57691deeddfe4e71a1576d6fc4ac44db65d41fb9055a5086b,614a1c4f223650f71a3d332416c8c4cd2007c4ce0dfd955af6b1d7eda2096a22
TX133,PERKEBUNAN NUSANTARA III,CARGILL,DUMAI,GERMANY,1133.468416,10/4/2022,614a1c4f223650f71a3d332416c8c4cd2007c4ce0dfd955af6b1d7eda2096a22,fea2f9c15721036f7b5fc0a0141969d6921cea990c2fbd14b0868e5a1fdf5083
TX134,PERKEBUNAN NUSANTARA III,CARGILL,DUMAI,INDIA,318.7877064,10/5/2022,fea2f9c15721036f7b5fc0a0141969d6921cea990c2fbd14b0868e5a1fdf5083,57f2e225cd32ed37123a44538f6c908476e3095d9f5bf260093a6a498cdb8aa5
TX135,PERKEBUNAN NUSANTARA III,CARGILL,DUMAI,ITALY,402.8542473,10/6/2022,57f2e225cd32ed37123a44538f6c908476e3095d9f5bf260093a6a498cdb8aa5,390617c6104bb9ee8c7d91bdee351d1a7efac1d8498655cf1c1a79d040517648
TX136,PERKEBUNAN NUSANTARA III,CARGILL,DUMAI,NETHERLANDS,704.9836528,10/8/2022,390617c6104bb9ee8c7d91bdee351d1a7efac1d8498655cf1c1a79d040517648,4dd33d100fa5520e25388059c9472c845180b0af53baa1269b7363b6c41b4c78
TX137,PERKEBUNAN NUSANTARA III,CARGILL,DUMAI,GERMANY,1611.371164,10/9/2022,4dd33d100fa5520e25388059c9472c845180b0af53baa1269b7363b6c41b4c78,921baa1015cefef67211425411e9f49cd8a8c8521c91eba42cda70e8f7e5de45
TX138,PERKEBUNAN NUSANTARA III,CARGILL,DUMAI,INDIA,453.197734,10/10/2022,921baa1015cefef67211425411e9f49cd8a8c8521c91eba42cda70e8f7e5de45,b4c17316e06ed7822f018b23a27b16ceff581dd72d5d126f4c3a0301cd5b5fe4
TX139,PERKEBUNAN NUSANTARA III,CARGILL,DUMAI,ITALY,426.3691393,10/11/2022,b4c17316e06ed7822f018b23a27b16ceff581dd72d5d126f4c3a0301cd5b5fe4,0768312ba1529ec2da428d32873bbdeb3502d1a77e25b29d94c656ee0412701c
TX140,PERKEBUNAN NUSANTARA III,CARGILL,DUMAI,NETHERLANDS,746.1340554,10/12/2022,0768312ba1529ec2da428d32873bbdeb3502d1a77e25b29d94c656ee0412701c,91d6b09c6a1937c7250a425b8c78a56949cb6f5a774e0cc13a06ad24d717eeb5
TX141,PERKEBUNAN NUSANTARA V,CARGILL,DUMAI,INDIA,1705.428058,10/15/2022,91d6b09c6a1937c7250a425b8c78a56949cb6f5a774e0cc13a06ad24d717eeb5,267903467469b2b52b9d64262c0982359016a63bbee0284ffba121edbd9098e9
TX142,PERKEBUNAN NUSANTARA V,CARGILL,DUMAI,NETHERLANDS,479.6512115,10/16/2022,267903467469b2b52b9d64262c0982359016a63bbee0284ffba121edbd9098e9,49e0be755eb31bd79308f79708682b8ea15814f9d8ad05c2684928c6f66df1df
TX143,PERKEBUNAN NUSANTARA V,CARGILL,DUMAI,INDIA,124.5167499,10/18/2022,49e0be755eb31bd79308f79708682b8ea15814f9d8ad05c2684928c6f66df1df,3dc16f436966b06ca0c9405b65dc0964ea23f37127ba085cd1c3067c7c6946a9
TX144,PERKEBUNAN NUSANTARA V,CARGILL,DUMAI,NETHERLANDS,217.9008259,10/19/2022,3dc16f436966b06ca0c9405b65dc0964ea23f37127ba085cd1c3067c7c6946a9,4253ecda7d6c6ddb774671dddb6c723ffebbcd325c7e505bac2130a15027af5b
TX145,PERKEBUNAN NUSANTARA V,CARGILL,DUMAI,INDIA,498.0528358,10/20/2022,4253ecda7d6c6ddb774671dddb6c723ffebbcd325c7e505bac2130a15027af5b,d3028c0c8b92352bce87776c1b5348b653117f3258cffdfbb4591ed7a63a0b8f
TX146,PERKEBUNAN NUSANTARA V,CARGILL,DUMAI,NETHERLANDS,140.0772346,10/21/2022,d3028c0c8b92352bce87776c1b5348b653117f3258cffdfbb4591ed7a63a0b8f,5670b226a4886f416e9fd4a836ccd5f115c0d586002ec0d6c94bb3935c00a2b2
TX149,PERKEBUNAN NUSANTARA V,CARGILL,DUMAI,INDIA,1220.880134,10/22/2022,5670b226a4886f416e9fd4a836ccd5f115c0d586002ec0d6c94bb3935c00a2b2,bb705bf2879bd1b7dc0b40fd9b9ef6e0aa555857c5e20f3d26f3a3b65c89a4f0
TX147,PERKEBUNAN NUSANTARA V,CARGILL,DUMAI,INDIA,305.2287134,10/23/2022,bb705bf2879bd1b7dc0b40fd9b9ef6e0aa555857c5e20f3d26f3a3b65c89a4f0,ad33338fe97a615201250aadebe8750095bbfd9b11ab27c5e60be75c6da61248
TX148,PERKEBUNAN NUSANTARA V,CARGILL,DUMAI,NETHERLANDS,534.1417021,10/24/2022,ad33338fe97a615201250aadebe8750095bbfd9b11ab27c5e60be75c6da61248,43d9d130eef5a92818f0f46617d253e169448f6a238ee2ec875d817e211f94f5
TX150,PERKEBUNAN NUSANTARA V,CARGILL,DUMAI,NETHERLANDS,343.3722301,10/25/2022,43d9d130eef5a92818f0f46617d253e169448f6a238ee2ec875d817e211f94f5,4539c08b1fb9939890fc5aedbf5c1d7741dd9d89f64417c4c2ed777a454f5a1a
TX151,PERKEBUNAN NUSANTARA V,CARGILL,DUMAI,INDIA,21.97141401,11/1/2022,4539c08b1fb9939890fc5aedbf5c1d7741dd9d89f64417c4c2ed777a454f5a1a,aa5b7537e7dfcb6c076a463bd2b0f1e4940c3c446aa3caefcb191c353972e465
TX152,PERKEBUNAN NUSANTARA V,CARGILL,DUMAI,NETHERLANDS,171.2575279,11/2/2022,aa5b7537e7dfcb6c076a463bd2b0f1e4940c3c446aa3caefcb191c353972e465,c6f16b13c68df00bd65ed9cf2fbc14bdf5d3da19a3e0ced22ea3315471514cce
TX155,PERKEBUNAN NUSANTARA V,CARGILL,DUMAI,INDIA,11.13171207,11/3/2022,c6f16b13c68df00bd65ed9cf2fbc14bdf5d3da19a3e0ced22ea3315471514cce,e9306b6e532dfe7be855dc23983a55eff983bab18324c03ede3be61ce11092b5
TX153,PERKEBUNAN NUSANTARA V,CARGILL,DUMAI,INDIA,8.908008659,11/4/2022,e9306b6e532dfe7be855dc23983a55eff983bab18324c03ede3be61ce11092b5,fcdae97f69c34c221e7e671b9aee16186176b2efb52e1b3dae3c4b1345717908
TX154,PERKEBUNAN NUSANTARA V,CARGILL,DUMAI,NETHERLANDS,69.43401736,11/5/2022,fcdae97f69c34c221e7e671b9aee16186176b2efb52e1b3dae3c4b1345717908,785d12e1bf4a94d887a4848d60dfa5cd0ab1a745a1301bcfd40fe24ad905e1b5
TX156,PERKEBUNAN NUSANTARA V,CARGILL,DUMAI,NETHERLANDS,86.76680933,11/6/2022,785d12e1bf4a94d887a4848d60dfa5cd0ab1a745a1301bcfd40fe24ad905e1b5,2d4a6c85c0337bb09f5332905613cf2c860f54419ee5d08c3f30e88920aa35f5
TX159,PERKEBUNAN NUSANTARA V,CARGILL,DUMAI,INDIA,13.84087498,11/7/2022,2d4a6c85c0337bb09f5332905613cf2c860f54419ee5d08c3f30e88920aa35f5,6e7d5f33426bedc0269484618382cf72791fdc38694e02e6d7646bc62dd8b44b
TX157,PERKEBUNAN NUSANTARA V,CARGILL,DUMAI,INDIA,5.743476074,11/8/2022,6e7d5f33426bedc0269484618382cf72791fdc38694e02e6d7646bc62dd8b44b,37a2caf637567ff8c8a8d800cb346ba332de8ae46871c7c321ee77cf41037266
TX158,PERKEBUNAN NUSANTARA V,CARGILL,DUMAI,NETHERLANDS,44.76787493,11/9/2022,37a2caf637567ff8c8a8d800cb346ba332de8ae46871c7c321ee77cf41037266,62b7354a1cce848ad4b8595469ffef01560760a330ea67b0d94134b7a4596d8d
TX160,PERKEBUNAN NUSANTARA V,CARGILL,DUMAI,NETHERLANDS,107.8835451,11/10/2022,62b7354a1cce848ad4b8595469ffef01560760a330ea67b0d94134b7a4596d8d,396d6e02dc15c67ddee7d2ec4f4fae9d32aa58584c9610d6a64929cdb36fe299
TX161,PERKEBUNAN NUSANTARA V,CARGILL,DUMAI,INDIA,23.48961414,12/1/2022,396d6e02dc15c67ddee7d2ec4f4fae9d32aa58584c9610d6a64929cdb36fe299,039066d3a149431111bdab9bc4e64ad1b48e2351b779a78164ad1da58ec3a391
TX162,PERKEBUNAN NUSANTARA V,CARGILL,DUMAI,NETHERLANDS,183.0912315,12/2/2022,039066d3a149431111bdab9bc4e64ad1b48e2351b779a78164ad1da58ec3a391,47a7b014ecb82c67c959505f5c51745ceaf2b9cae10a616074f80b78cde8d45e
TX163,PERKEBUNAN NUSANTARA V,CARGILL,DUMAI,INDIA,0.006272406,12/4/2022,47a7b014ecb82c67c959505f5c51745ceaf2b9cae10a616074f80b78cde8d45e,f877848aa28e267c985126cf4967907f98c9840e0ec184d0a5ebef5a09abc38a
TX164,PERKEBUNAN NUSANTARA V,CARGILL,DUMAI,NETHERLANDS,0.010976535,12/5/2022,f877848aa28e267c985126cf4967907f98c9840e0ec184d0a5ebef5a09abc38a,48374e06d45be9653550e05f47ad97e0fffbdd27cf6fb2c37e4941f1c1744a0d
TX165,PERKEBUNAN NUSANTARA V,CARGILL,DUMAI,INDIA,0.025088911,12/6/2022,48374e06d45be9653550e05f47ad97e0fffbdd27cf6fb2c37e4941f1c1744a0d,1cd4833d1c22d6569777ea63e36eae4d94389c5d22dde5c64f985a6afd26ec3c
TX166,PERKEBUNAN NUSANTARA V,CARGILL,DUMAI,NETHERLANDS,0.00705625,12/7/2022,1cd4833d1c22d6569777ea63e36eae4d94389c5d22dde5c64f985a6afd26ec3c,02f808f108ad251703e84e4435484c75acb0ba532040a420a9ed57094412a1a4
TX167,PERKEBUNAN NUSANTARA V,CARGILL,DUMAI,INDIA,48.34783651,12/8/2022,02f808f108ad251703e84e4435484c75acb0ba532040a420a9ed57094412a1a4,f5bd2002210522d64953c7cf11ec432a4cbf81c8b7585c9fb406b0aed04b11b3
TX168,PERKEBUNAN NUSANTARA V,CARGILL,DUMAI,NETHERLANDS,376.8501635,12/9/2022,f5bd2002210522d64953c7cf11ec432a4cbf81c8b7585c9fb406b0aed04b11b3,669f69960bebb65be945467d470a203ca35711772dbbe4b45706edd0d7d8b1c9
TX169,PERKEBUNAN NUSANTARA V,CARGILL,DUMAI,INDIA,141.740262,12/10/2022,669f69960bebb65be945467d470a203ca35711772dbbe4b45706edd0d7d8b1c9,0d6d45beaa5f5e1ca36cdbfa53fe666911ede43125c182c410fcfe01430c9a4a
TX170,PERKEBUNAN NUSANTARA V,CARGILL,DUMAI,NETHERLANDS,248.0414898,12/11/2022,0d6d45beaa5f5e1ca36cdbfa53fe666911ede43125c182c410fcfe01430c9a4a,5d28e1ac5119778ef682aa187591b3ae628f6ce290c7e6e5c398264d79084b26
TX171,PERKEBUNAN NUSANTARA V,CARGILL,DUMAI,INDIA,566.944925,12/12/2022,5d28e1ac5119778ef682aa187591b3ae628f6ce290c7e6e5c398264d79084b26,f918747138e0c2560dfe5563ba1d92002c6620c29f14c964c968d892410a9071
TX172,PERKEBUNAN NUSANTARA V,CARGILL,DUMAI,NETHERLANDS,159.4531173,12/13/2022,f918747138e0c2560dfe5563ba1d92002c6620c29f14c964c968d892410a9071,25ad6c5145c47cf4f510e72a396f0cbe3aab87b9ae9a5667df8953a5701ded02
TX173,PERKEBUNAN NUSANTARA III,CARGILL,DUMAI,GERMANY,254.9346097,12/14/2022,25ad6c5145c47cf4f510e72a396f0cbe3aab87b9ae9a5667df8953a5701ded02,b1711725c7752ed46c704bc321ec457d387d021bfcd229bf5918c19dec54b0c8
TX174,PERKEBUNAN NUSANTARA III,CARGILL,DUMAI,INDIA,446.1284288,12/15/2022,b1711725c7752ed46c704bc321ec457d387d021bfcd229bf5918c19dec54b0c8,21cdb492f0ab0f14e3ce786d50a5b28acd53ba93ada79b538401d98ad2113bed
TX175,PERKEBUNAN NUSANTARA III,CARGILL,DUMAI,ITALY,1019.70944,12/16/2022,21cdb492f0ab0f14e3ce786d50a5b28acd53ba93ada79b538401d98ad2113bed,59501fc71ef3a6bdb679f7e81caad0cd89d3a82cb79e72f6ff0da06b8a8b77a4
TX176,PERKEBUNAN NUSANTARA III,CARGILL,DUMAI,NETHERLANDS,286.793023,12/17/2022,59501fc71ef3a6bdb679f7e81caad0cd89d3a82cb79e72f6ff0da06b8a8b77a4,41fd606cbdd3d93c8091a8e648c3ad1861fa65407b04c0f4ca26361db14dd3a7
TX177,PERKEBUNAN NUSANTARA III,CARGILL,DUMAI,GERMANY,19.4647573,12/18/2022,41fd606cbdd3d93c8091a8e648c3ad1861fa65407b04c0f4ca26361db14dd3a7,6c49868d96e55c91d9967dfd0e88138e535f5404d2e4c66706686ea3997f6b43
TX178,PERKEBUNAN NUSANTARA III,CARGILL,DUMAI,INDIA,34.06278027,12/19/2022,6c49868d96e55c91d9967dfd0e88138e535f5404d2e4c66706686ea3997f6b43,7e15ee864c5b1f7e1fe0bdbf8edb3af6e658d9fac66e3d69284a057765cdc49d
TX179,PERKEBUNAN NUSANTARA III,CARGILL,DUMAI,ITALY,77.85681509,12/20/2022,7e15ee864c5b1f7e1fe0bdbf8edb3af6e658d9fac66e3d69284a057765cdc49d,c9e7c050a5501c47ac3742c1038769871f0c284474a5643f999015ee82979a1a
TX180,PERKEBUNAN NUSANTARA III,CARGILL,DUMAI,NETHERLANDS,21.89720963,12/20/2022,c9e7c050a5501c47ac3742c1038769871f0c284474a5643f999015ee82979a1a,bc6bec65ca98f2a3df004ef31fa46eb0812258f4c223c3a0ae355ab101fd2894
